"name","optimal_cutpoint","AUC_b","AUC_oob","F1_score_b","F1_score_oob","acc_b","acc_oob","sensitivity_b","sensitivity_oob","specificity_b","specificity_oob","cohens_kappa_b","cohens_kappa_oob","TP_b","FP_b","TN_b","FN_b","TP_oob","FP_oob","TN_oob","FN_oob"
"FDG_SUV",2.9,0.806770688213987,0.905555555555556,0.666666666666667,0.6,0.798507462686567,0.739130434782609,0.72972972972973,0.9,0.824742268041237,0.694444444444444,0.523822058436431,0.436734693877551,27,17,80,10,9,11,25,1
"FDG_SUV",2.95,0.855252159375871,0.796052631578947,0.6875,0.461538461538462,0.776119402985075,0.72,0.891891891891892,0.5,0.731958762886598,0.789473684210526,0.526947517062838,0.273858921161826,33,26,71,4,6,8,30,6
"FDG_SUV",2.6,0.826971301198105,0.861519607843137,0.653061224489796,0.642857142857143,0.746268656716418,0.782608695652174,0.864864864864865,0.75,0.701030927835051,0.794117647058823,0.471339057786029,0.491150442477876,32,29,68,5,9,7,27,3
"FDG_SUV",4.4,0.836862635831708,0.819327731092437,0.736842105263158,0.48,0.850746268656716,0.729166666666667,0.756756756756757,0.428571428571429,0.88659793814433,0.852941176470588,0.632776103041929,0.300448430493273,28,11,86,9,6,5,29,8
"FDG_SUV",2.7,0.816801337419894,0.914473684210526,0.666666666666667,0.647058823529412,0.791044776119403,0.76,0.756756756756757,0.916666666666667,0.804123711340206,0.710526315789474,0.517613782463358,0.488054607508532,28,19,78,9,11,11,27,1
"FDG_SUV",4.4,0.793675118417386,0.886324786324786,0.67741935483871,0.611111111111111,0.850746268656716,0.740740740740741,0.567567567567568,0.733333333333333,0.958762886597938,0.743589743589744,0.585010839269124,0.424657534246575,21,4,93,16,11,10,29,4
"FDG_SUV",7,0.868069100027863,0.809684684684685,0.741935483870968,0.421052631578947,0.880597014925373,0.775510204081633,0.621621621621622,0.333333333333333,0.979381443298969,0.918918918918919,0.668008671415299,0.293577981651376,23,2,95,14,4,3,34,8
"FDG_SUV",3.5,0.918222346057398,0.761752136752137,0.779220779220779,0.533333333333333,0.873134328358209,0.714285714285714,0.810810810810811,0.615384615384615,0.896907216494845,0.75,0.690405001359065,0.332684824902724,30,10,87,7,8,9,27,5
"FDG_SUV",5.5,0.846614655893006,0.783333333333333,0.647058823529412,0.555555555555556,0.82089552238806,0.813953488372093,0.594594594594595,0.5,0.907216494845361,0.909090909090909,0.528307421531241,0.439739413680782,22,9,88,15,5,3,30,5
"FDG_SUV",7,0.898021733073279,0.76989247311828,0.741935483870968,0.5,0.880597014925373,0.739130434782609,0.621621621621622,0.4,0.979381443298969,0.903225806451613,0.668008671415299,0.338129496402878,23,2,95,14,6,3,28,9
"FDG_SUV",9.1,0.864028977431039,0.784615384615385,0.689655172413793,0.454545454545455,0.865671641791045,0.777777777777778,0.540540540540541,0.333333333333333,0.989690721649485,0.948717948717949,0.612093920874879,0.337423312883436,20,1,96,17,5,2,37,10
"FDG_SUV",3.8,0.902479799387016,0.794736842105263,0.775,0.533333333333333,0.865671641791045,0.735849056603774,0.837837837837838,0.533333333333333,0.876288659793814,0.815789473684211,0.680021225789334,0.349122807017544,31,12,85,6,8,7,31,7
"FDG_SUV",5.2,0.892588464753413,0.836363636363636,0.8,0.538461538461538,0.888059701492537,0.75,0.810810810810811,0.466666666666667,0.917525773195876,0.878787878787879,0.722298977618127,0.372549019607843,30,8,89,7,7,4,29,8
"FDG_SUV",10.9,0.878239063806074,0.866386554621849,0.733333333333333,0.111111111111111,0.880597014925373,0.692307692307692,0.594594594594595,0.0588235294117647,0.989690721649485,1,0.661722940990849,0.0776053215077602,22,1,96,15,1,0,35,16
"FDG_SUV",5.2,0.825996099191975,0.913186813186813,0.666666666666667,0.64,0.835820895522388,0.8125,0.594594594594595,0.615384615384615,0.927835051546392,0.885714285714286,0.55986861749776,0.513513513513513,22,7,90,15,8,4,31,5
"FDG_SUV",2.7,0.877681805516857,0.733333333333333,0.681318681318681,0.518518518518518,0.783582089552239,0.717391304347826,0.837837837837838,0.7,0.762886597938144,0.722222222222222,0.525981946816297,0.337028824833703,31,23,74,6,7,10,26,3
"FDG_SUV",5.2,0.841460016717749,0.927407407407407,0.694444444444444,0.689655172413793,0.835820895522388,0.85,0.675675675675676,0.666666666666667,0.896907216494845,0.911111111111111,0.582317937092661,0.590909090909091,25,10,87,12,10,4,41,5
"FDG_SUV",5.2,0.8006408470326,0.928921568627451,0.657534246575342,0.666666666666667,0.813432835820896,0.826086956521739,0.648648648648649,0.666666666666667,0.876288659793814,0.882352941176471,0.52936218038775,0.549019607843137,24,12,85,13,8,4,30,4
"FDG_SUV",2.9,0.828364446921148,0.837044534412955,0.7,0.571428571428571,0.82089552238806,0.705882352941177,0.756756756756757,0.769230769230769,0.845360824742268,0.684210526315789,0.573361634385779,0.369332234130256,28,15,82,9,10,12,26,3
"FDG_SUV",5.2,0.910420730008359,0.745054945054945,0.773333333333333,0.434782608695652,0.873134328358209,0.729166666666667,0.783783783783784,0.384615384615385,0.907216494845361,0.857142857142857,0.685272174633877,0.260663507109005,29,9,88,8,5,5,30,8
"FDG_STAR",0.00640394088669951,0.854808590102708,0.79047619047619,0.756756756756757,0.608695652173913,0.814432989690722,0.75,0.823529411764706,0.466666666666667,0.80952380952381,0.952380952380952,0.608344549125168,0.448979591836735,28,12,51,6,7,1,20,8
"FDG_STAR",0.00645561762880199,0.861811391223156,0.829861111111111,0.735294117647059,0.636363636363636,0.814432989690722,0.777777777777778,0.735294117647059,0.583333333333333,0.857142857142857,0.875,0.592436974789916,0.478260869565218,25,9,54,9,7,3,21,5
"FDG_STAR",0.00477346278317152,0.919234360410831,0.704166666666667,0.873239436619718,0.551724137931034,0.907216494845361,0.59375,0.911764705882353,0.666666666666667,0.904761904761905,0.55,0.800274536719286,0.2,31,6,57,3,8,9,11,4
"FDG_STAR",0.00477346278317152,0.80952380952381,0.853333333333333,0.732394366197183,0.692307692307692,0.804123711340206,0.783783783783784,0.764705882352941,0.75,0.825396825396825,0.8,0.578357355296271,0.527156549520767,26,11,52,8,9,5,20,3
"FDG_STAR",0.00927394752898109,0.88328664799253,0.753846153846154,0.830769230769231,0.25,0.88659793814433,0.684210526315789,0.794117647058823,0.153846153846154,0.936507936507937,0.96,0.745770788658566,0.139622641509434,27,4,59,7,2,1,24,11
"FDG_STAR",0.00477346278317152,0.818394024276377,0.87,0.736842105263158,0.761904761904762,0.793814432989691,0.833333333333333,0.823529411764706,0.8,0.777777777777778,0.85,0.570416297608503,0.634146341463415,28,14,49,6,8,3,17,2
"FDG_STAR",0.00930434782608696,0.824463118580766,0.838095238095238,0.703703703703704,0.5,0.835051546391753,0.741935483870968,0.558823529411765,0.4,0.984126984126984,0.904761904761905,0.599793708096957,0.340425531914894,19,1,62,15,4,2,19,6
"FDG_STAR",0.00486111111111111,0.782913165266106,0.889855072463768,0.676470588235294,0.75,0.77319587628866,0.789473684210526,0.676470588235294,0.8,0.825396825396825,0.782608695652174,0.50186741363212,0.569405099150142,23,11,52,11,12,5,18,3
"FDG_STAR",0.00569210866752911,0.801120448179272,0.903846153846154,0.712328767123288,0.75,0.783505154639175,0.842105263157895,0.764705882352941,0.75,0.793650793650794,0.884615384615385,0.540076766764507,0.634615384615384,26,13,50,8,9,3,23,3
"FDG_STAR",0.00569210866752911,0.841269841269841,0.865942028985507,0.767123287671233,0.666666666666667,0.824742268041237,0.771428571428571,0.823529411764706,0.666666666666667,0.825396825396825,0.826086956521739,0.627681192142696,0.492753623188406,28,11,52,6,8,4,19,4
"FDG_STAR",0.00486111111111111,0.827264239028945,0.847826086956522,0.743589743589744,0.695652173913043,0.793814432989691,0.8,0.852941176470588,0.666666666666667,0.761904761904762,0.869565217391304,0.575863576738085,0.547134935304991,29,15,48,5,8,3,20,4
"FDG_STAR",0.00477346278317152,0.8062558356676,0.88695652173913,0.73972602739726,0.8,0.804123711340206,0.842105263157895,0.794117647058823,0.8,0.80952380952381,0.869565217391304,0.583878979453601,0.669565217391304,27,12,51,7,12,3,20,3
"FDG_STAR",0.00477346278317152,0.888888888888889,0.810276679841897,0.773333333333333,0.761904761904762,0.824742268041237,0.852941176470588,0.852941176470588,0.727272727272727,0.80952380952381,0.91304347826087,0.632493871183419,0.65587044534413,29,12,51,5,8,2,21,3
"FDG_STAR",0.00927394752898109,0.850140056022409,0.8,0.771929824561403,0.571428571428571,0.865979381443299,0.763157894736842,0.647058823529412,0.461538461538462,0.984126984126984,0.92,0.681967213114754,0.420338983050848,22,1,62,12,6,2,23,7
"FDG_STAR",0.00486111111111111,0.835200746965453,0.923076923076923,0.73972602739726,0.727272727272727,0.804123711340206,0.828571428571429,0.794117647058823,0.888888888888889,0.80952380952381,0.807692307692308,0.583878979453601,0.608208955223881,27,12,51,7,8,5,21,1
"FDG_STAR",0.00569210866752911,0.853874883286648,0.737012987012987,0.72972972972973,0.545454545454545,0.793814432989691,0.743589743589744,0.794117647058823,0.545454545454545,0.793650793650794,0.821428571428571,0.564827276805742,0.366883116883117,27,13,50,7,6,5,23,5
"FDG_STAR",0.00930434782608696,0.780578898225957,0.946428571428571,0.724137931034483,0.526315789473684,0.835051546391753,0.735294117647059,0.617647058823529,0.357142857142857,0.952380952380952,1,0.611417125688533,0.395256916996048,21,3,60,13,5,0,20,9
"FDG_STAR",0.00569210866752911,0.877217553688142,0.785123966942149,0.777777777777778,0.6,0.835051546391753,0.757575757575758,0.823529411764706,0.545454545454545,0.841269841269841,0.863636363636364,0.647272727272727,0.428571428571428,28,10,53,6,6,3,19,5
"FDG_STAR",0.00640394088669951,0.783380018674136,0.810096153846154,0.72463768115942,0.571428571428571,0.804123711340206,0.714285714285714,0.735294117647059,0.5,0.841269841269841,0.846153846153846,0.572687224669604,0.363636363636364,25,10,53,9,8,4,22,8
"FDG_STAR",0.00477346278317152,0.862278244631186,0.695652173913043,0.773333333333333,0.538461538461538,0.824742268041237,0.657142857142857,0.852941176470588,0.583333333333333,0.80952380952381,0.695652173913043,0.632493871183419,0.268292682926829,29,12,51,5,7,7,16,5
"FDG_NTR",0.479338842975207,0.859038737446198,0.633064516129032,0.771929824561403,0.444444444444444,0.887931034482759,0.767441860465116,0.647058823529412,0.333333333333333,0.98780487804878,0.935483870967742,0.701267828843106,0.317460317460318,22,1,81,12,4,2,29,8
"FDG_NTR",0.474292546831407,0.893113342898135,0.635817307692308,0.825396825396825,0.526315789473684,0.905172413793103,0.8,0.764705882352941,0.384615384615385,0.963414634146341,0.96875,0.760869565217391,0.420600858369099,26,3,79,8,5,1,31,8
"FDG_NTR",0.479338842975207,0.767575322812052,0.785145888594164,0.701754385964912,0.6,0.853448275862069,0.80952380952381,0.588235294117647,0.461538461538462,0.963414634146341,0.96551724137931,0.609350237717908,0.489361702127659,20,3,79,14,6,1,28,7
"FDG_NTR",0.474292546831407,0.836441893830703,0.678571428571429,0.724137931034483,0.625,0.862068965517241,0.842105263157895,0.617647058823529,0.5,0.963414634146341,0.964285714285714,0.635792778649921,0.532786885245902,21,3,79,13,5,1,27,5
"FDG_NTR",0.474292546831407,0.637015781922525,0.838461538461538,0.549019607843137,0.727272727272727,0.801724137931034,0.86046511627907,0.411764705882353,0.615384615384615,0.963414634146341,0.966666666666667,0.439495798319328,0.637640449438202,14,3,79,20,8,1,29,5
"FDG_NTR",0.479338842975207,0.818149210903874,0.683385579937304,0.779661016949153,0.4,0.887931034482759,0.775,0.676470588235294,0.272727272727273,0.975609756097561,0.96551724137931,0.706842923794712,0.296875,23,2,80,11,3,1,28,8
"FDG_NTR",0.495890410958904,0.738163558106169,0.75,0.678571428571429,0.375,0.844827586206897,0.75,0.558823529411765,0.25,0.963414634146341,0.964285714285714,0.5824,0.264705882352941,19,3,79,15,3,1,27,9
"FDG_NTR",0.474292546831407,0.752331420373027,0.782142857142857,0.60377358490566,0.823529411764706,0.818965517241379,0.921052631578947,0.470588235294118,0.7,0.963414634146341,1,0.49835255354201,0.774703557312253,16,3,79,18,7,0,28,3
"FDG_NTR",0.474292546831407,0.695480631276901,0.846320346320346,0.692307692307692,0.692307692307692,0.862068965517241,0.829787234042553,0.529411764705882,0.642857142857143,1,0.909090909090909,0.613976705490848,0.575620767494357,18,0,82,16,9,3,30,5
"FDG_NTR",0.316176470588235,0.817431850789096,0.684722222222222,0.714285714285714,0.428571428571429,0.827586206896552,0.619047619047619,0.735294117647059,0.5,0.865853658536585,0.666666666666667,0.590973201692525,0.151515151515151,25,11,71,9,6,10,20,6
"FDG_NTR",0.474292546831407,0.794835007173601,0.745920745920746,0.716981132075472,0.608695652173913,0.870689655172414,0.804347826086957,0.558823529411765,0.538461538461538,1,0.909090909090909,0.64168039538715,0.481203007518797,19,0,82,15,7,3,30,6
"FDG_NTR",0.474292546831407,0.863342898134864,0.656891495601173,0.736842105263158,0.588235294117647,0.870689655172414,0.833333333333333,0.617647058823529,0.454545454545455,0.975609756097561,0.967741935483871,0.655309033280507,0.494845360824742,21,2,80,13,5,1,30,6
"FDG_NTR",0.474292546831407,0.772238163558106,0.787330316742082,0.67741935483871,0.727272727272727,0.827586206896552,0.872340425531915,0.617647058823529,0.615384615384615,0.914634146341463,0.970588235294118,0.561270801815431,0.6475,21,7,75,13,8,1,33,5
"FDG_NTR",0.493670886075949,0.641319942611191,0.872413793103448,0.549019607843137,0.666666666666667,0.801724137931034,0.871794871794872,0.411764705882353,0.5,0.963414634146341,1,0.439495798319328,0.597938144329897,14,3,79,20,5,0,29,5
"FDG_NTR",0.474292546831407,0.740315638450502,0.732843137254902,0.666666666666667,0.555555555555556,0.836206896551724,0.826086956521739,0.558823529411765,0.416666666666667,0.951219512195122,0.970588235294118,0.563391442155309,0.461988304093567,19,4,78,15,5,1,33,7
"FDG_NTR",0.479338842975207,0.805236728837877,0.683333333333333,0.703703703703704,0.476190476190476,0.862068965517241,0.75,0.558823529411765,0.357142857142857,0.98780487804878,0.933333333333333,0.621533442088091,0.335164835164835,19,1,81,15,5,2,28,9
"FDG_NTR",0.474292546831407,0.75448350071736,0.838235294117647,0.678571428571429,0.705882352941177,0.844827586206897,0.886363636363636,0.558823529411765,0.6,0.963414634146341,0.970588235294118,0.5824,0.638157894736842,19,3,79,15,6,1,33,4
"FDG_NTR",0.360902255639098,0.701578192252511,0.816666666666667,0.631578947368421,0.615384615384615,0.818965517241379,0.787234042553192,0.529411764705882,0.666666666666667,0.939024390243902,0.828571428571429,0.51743264659271,0.469525959367946,18,5,77,16,8,6,29,4
"FDG_NTR",0.474292546831407,0.86280487804878,0.60968660968661,0.774193548387097,0.555555555555556,0.879310344827586,0.8,0.705882352941177,0.384615384615385,0.951219512195122,1,0.692889561270802,0.457627118644068,24,4,78,10,5,0,27,8
"FDG_NTR",0.474292546831407,0.818866571018651,0.675675675675676,0.745762711864407,0.571428571428571,0.870689655172414,0.869565217391304,0.647058823529412,0.444444444444444,0.963414634146341,0.972972972972973,0.661741835147745,0.501805054151624,22,3,79,12,4,1,36,5
"FEC_SUV",2.7,0.771045918367347,0.805263157894737,0.647058823529412,0.727272727272727,0.815384615384615,0.875,0.6875,0.8,0.857142857142857,0.894736842105263,0.522643818849449,0.647058823529412,11,7,42,5,4,2,17,1
"FEC_SUV",2.7,0.936862244897959,0.51953125,0.827586206896552,0.444444444444444,0.923076923076923,0.583333333333333,0.75,0.5,0.979591836734694,0.625,0.778761061946903,0.117647058823529,12,1,48,4,4,6,10,4
"FEC_SUV",2.7,0.727678571428571,0.907563025210084,0.647058823529412,0.714285714285714,0.815384615384615,0.833333333333333,0.6875,0.714285714285714,0.857142857142857,0.882352941176471,0.522643818849449,0.596638655462185,11,7,42,5,5,2,15,2
"FEC_SUV",2.7,0.753826530612245,0.717857142857143,0.666666666666667,0.533333333333333,0.846153846153846,0.740740740740741,0.625,0.571428571428571,0.918367346938776,0.8,0.567243675099867,0.354948805460751,10,4,45,6,4,4,16,3
"FEC_SUV",2.7,0.75,0.697916666666667,0.666666666666667,0.571428571428571,0.846153846153846,0.727272727272727,0.625,0.666666666666667,0.918367346938776,0.75,0.567243675099867,0.377358490566038,10,4,45,6,4,4,12,2
"FEC_SUV",2.7,0.727040816326531,0.740740740740741,0.606060606060606,0.666666666666667,0.8,0.833333333333333,0.625,0.666666666666667,0.857142857142857,0.888888888888889,0.472204871955028,0.555555555555556,10,7,42,6,4,2,16,2
"FEC_SUV",2.1,0.775510204081633,0.767361111111111,0.615384615384615,0.6,0.769230769230769,0.692307692307692,0.75,0.75,0.775510204081633,0.666666666666667,0.458032240133407,0.365853658536585,12,11,38,4,6,6,12,2
"FEC_SUV",2.7,0.638392857142857,0.708333333333333,0.529411764705882,0.571428571428571,0.753846153846154,0.88,0.5625,0.5,0.816326530612245,0.952380952380952,0.363525091799266,0.503311258278146,9,9,40,7,2,1,20,2
"FEC_SUV",2.8,0.661352040816327,0.772727272727273,0.642857142857143,0.5,0.846153846153846,0.793103448275862,0.5625,0.428571428571429,0.938775510204082,0.909090909090909,0.547353760445683,0.37410071942446,9,3,46,7,3,2,20,4
"FEC_SUV",2,0.647959183673469,0.992647058823529,0.511627906976744,0.615384615384615,0.676923076923077,0.761904761904762,0.6875,1,0.673469387755102,0.705882352941177,0.293112377006732,0.477611940298507,11,16,33,5,4,5,12,0
"FEC_SUV",2,0.670918367346939,0.739583333333333,0.571428571428571,0.470588235294118,0.723076923076923,0.590909090909091,0.75,0.666666666666667,0.714285714285714,0.5625,0.383561643835617,0.181818181818182,12,14,35,4,4,7,9,2
"FEC_SUV",2.1,0.754464285714286,0.738888888888889,0.604651162790698,0.545454545454545,0.738461538461539,0.761904761904762,0.8125,0.5,0.714285714285714,0.866666666666667,0.427757638529259,0.385964912280702,13,14,35,3,3,2,13,3
"FEC_SUV",2.8,0.740433673469388,0.885,0.625,0.666666666666667,0.815384615384615,0.88,0.625,0.6,0.877551020408163,0.95,0.502551020408163,0.594594594594595,10,6,43,6,3,1,19,2
"FEC_SUV",2.8,0.698979591836735,0.681372549019608,0.628571428571429,0.444444444444444,0.8,0.782608695652174,0.6875,0.333333333333333,0.836734693877551,0.941176470588235,0.493101379724055,0.327485380116959,11,8,41,5,2,1,16,4
"FEC_SUV",2.8,0.704081632653061,0.805555555555556,0.580645161290323,0.6,0.8,0.826086956521739,0.5625,0.6,0.877551020408163,0.888888888888889,0.449511400651466,0.488888888888889,9,6,43,7,3,2,16,2
"FEC_SUV",3.2,0.788265306122449,0.766917293233083,0.758620689655172,0.363636363636364,0.892307692307692,0.730769230769231,0.6875,0.285714285714286,0.959183673469388,0.894736842105263,0.690265486725664,0.208695652173913,11,2,47,5,2,2,17,5
"FEC_SUV",2,0.603316326530612,0.807017543859649,0.489795918367347,0.533333333333333,0.615384615384615,0.72,0.75,0.666666666666667,0.571428571428571,0.736842105263158,0.236730859558478,0.344569288389513,12,21,28,4,4,5,14,2
"FEC_SUV",2.8,0.600765306122449,0.819444444444444,0.580645161290323,0.615384615384615,0.8,0.807692307692308,0.5625,0.5,0.877551020408163,0.944444444444444,0.449511400651466,0.496124031007752,9,6,43,7,4,1,17,4
"FEC_SUV",2.4,0.716836734693878,0.933333333333333,0.470588235294118,0.909090909090909,0.723076923076923,0.95,0.5,1,0.795918367346939,0.933333333333333,0.283965728274174,0.875,8,10,39,8,5,1,14,0
"FEC_SUV",2.7,0.790178571428571,0.628571428571429,0.685714285714286,0.4,0.830769230769231,0.769230769230769,0.75,0.4,0.857142857142857,0.857142857142857,0.571085782843431,0.257142857142858,12,7,42,4,2,3,18,3
"FEC_STAR",0.00225806451612903,0.721938775510204,0.818181818181818,0.631578947368421,0.444444444444444,0.666666666666667,0.615384615384615,0.857142857142857,1,0.571428571428571,0.545454545454545,0.363636363636364,0.269662921348315,12,12,16,2,2,5,6,0
"FEC_STAR",0.00225806451612903,0.678571428571429,0.770833333333333,0.634146341463415,0.545454545454545,0.642857142857143,0.6875,0.928571428571429,0.75,0.5,0.666666666666667,0.347826086956522,0.333333333333333,13,14,14,1,3,4,8,1
"FEC_STAR",0.00225806451612903,0.86734693877551,0.6,0.777777777777778,0.461538461538462,0.80952380952381,0.5625,1,0.6,0.714285714285714,0.545454545454545,0.625,0.125,14,8,20,0,3,5,6,2
"FEC_STAR",0.00161290322580645,0.798469387755102,0.634920634920635,0.682926829268293,0.571428571428571,0.69047619047619,0.4375,1,0.857142857142857,0.535714285714286,0.111111111111111,0.434782608695652,-0.0285714285714286,14,13,15,0,6,8,1,1
"FEC_STAR",0.00225806451612903,0.795918367346939,0.727272727272727,0.684210526315789,0.615384615384615,0.714285714285714,0.6875,0.928571428571429,0.8,0.607142857142857,0.636363636363636,0.454545454545455,0.375,13,11,17,1,4,4,7,1
"FEC_STAR",0.00347610180012415,0.946428571428571,0.481481481481481,0.866666666666667,0.2,0.904761904761905,0.466666666666667,0.928571428571429,0.166666666666667,0.892857142857143,0.666666666666667,0.793103448275862,-0.176470588235294,13,3,25,1,1,3,6,5
"FEC_STAR",0.00161290322580645,0.642857142857143,0.8,0.604651162790698,0.631578947368421,0.595238095238095,0.5625,0.928571428571429,1,0.428571428571429,0.3,0.28169014084507,0.243243243243243,13,16,12,1,6,7,3,0
"FEC_STAR",0.00225806451612903,0.920918367346939,0.45,0.823529411764706,0.4,0.857142857142857,0.470588235294118,1,0.6,0.785714285714286,0.416666666666667,0.709677419354839,0.0129032258064516,14,6,22,0,3,7,5,2
"FEC_STAR",0.00225806451612903,0.760204081632653,0.740740740740741,0.684210526315789,0.4,0.714285714285714,0.5,0.928571428571429,0.666666666666667,0.607142857142857,0.444444444444444,0.454545454545455,0.0769230769230769,13,11,17,1,2,5,4,1
"FEC_STAR",0.00225806451612903,0.653061224489796,0.9,0.588235294117647,0.714285714285714,0.666666666666667,0.733333333333333,0.714285714285714,1,0.642857142857143,0.6,0.32258064516129,0.5,10,10,18,4,5,4,6,0
"FEC_STAR",0.00413169786959329,0.803571428571429,0.7,0.692307692307692,0,0.80952380952381,0.538461538461538,0.642857142857143,0,0.892857142857143,0.875,0.555555555555556,-0.147058823529412,9,3,25,5,0,1,7,5
"FEC_STAR",0.00247366010077875,0.729591836734694,0.675,0.645161290322581,0.5,0.738095238095238,0.571428571428571,0.714285714285714,0.75,0.75,0.5,0.440677966101695,0.192307692307692,10,7,21,4,3,5,5,1
"FEC_STAR",0.00161290322580645,0.790816326530612,0.666666666666667,0.65,0.588235294117647,0.666666666666667,0.5,0.928571428571429,1,0.535714285714286,0.222222222222222,0.382352941176471,0.169491525423729,13,13,15,1,5,7,2,0
"FEC_STAR",0.00225806451612903,0.813775510204082,0.65,0.666666666666667,0.666666666666667,0.714285714285714,0.692307692307692,0.857142857142857,0.8,0.642857142857143,0.625,0.4375,0.395348837209302,12,10,18,2,4,3,5,1
"FEC_STAR",0.00161290322580645,0.721938775510204,0.833333333333333,0.619047619047619,0.533333333333333,0.619047619047619,0.461538461538462,0.928571428571429,1,0.464285714285714,0.222222222222222,0.314285714285714,0.149532710280374,13,15,13,1,4,7,2,0
"FEC_STAR",0.00161290322580645,0.650510204081633,0.875,0.553191489361702,0.571428571428571,0.5,0.625,0.928571428571429,1,0.285714285714286,0.5,0.16,0.333333333333333,13,20,8,1,4,6,6,0
"FEC_STAR",0.00225806451612903,0.831632653061225,0.75,0.702702702702703,0.6,0.738095238095238,0.733333333333333,0.928571428571429,0.75,0.642857142857143,0.727272727272727,0.492307692307692,0.411764705882353,13,10,18,1,3,3,8,1
"FEC_STAR",0.00129645635263613,0.538265306122449,0.909090909090909,0.549019607843137,0.6,0.452380952380952,0.529411764705882,1,1,0.178571428571429,0.272727272727273,0.126582278481013,0.209302325581395,14,23,5,0,6,8,3,0
"FEC_STAR",0.00339805825242718,0.762755102040816,0.75,0.642857142857143,0.666666666666667,0.761904761904762,0.75,0.642857142857143,0.75,0.821428571428571,0.75,0.464285714285714,0.470588235294118,9,5,23,5,3,2,6,1
"FEC_STAR",0.00386847195357834,0.829081632653061,0.646153846153846,0.8,0.222222222222222,0.880952380952381,0.611111111111111,0.714285714285714,0.2,0.964285714285714,0.769230769230769,0.716981132075472,-0.0327868852459015,10,1,27,4,1,3,10,4
"FEC_NTR",0.367553865652725,0.631410256410256,0.640625,0.555555555555556,0.615384615384615,0.709090909090909,0.772727272727273,0.625,0.666666666666667,0.743589743589744,0.8125,0.343283582089552,0.455445544554455,10,10,29,6,4,3,13,2
"FEC_NTR",0.335403726708075,0.694711538461538,0.633928571428571,0.619047619047619,0.666666666666667,0.709090909090909,0.772727272727273,0.8125,0.625,0.666666666666667,0.857142857142857,0.404600811907984,0.495412844036697,13,13,26,3,5,2,12,3
"FEC_NTR",0.463401210787012,0.761217948717949,0.490196078431373,0.666666666666667,0.181818181818182,0.818181818181818,0.608695652173913,0.625,0.166666666666667,0.897435897435897,0.764705882352941,0.54242928452579,-0.072538860103627,10,4,35,6,1,4,13,5
"FEC_NTR",0.335403726708075,0.584935897435897,0.71875,0.536585365853659,0.5,0.654545454545455,0.7,0.6875,0.75,0.641025641025641,0.6875,0.281786941580756,0.318181818181818,11,14,25,5,3,5,11,1
"FEC_NTR",0.12,0.480769230769231,0.784313725490196,0.470588235294118,0.428571428571429,0.345454545454545,0.304347826086957,1,1,0.0769230769230769,0.0588235294117647,0.046242774566474,0.0315789473684211,16,36,3,0,6,16,1,0
"FEC_NTR",0.12,0.517628205128205,0.638095238095238,0.477611940298507,0.5,0.363636363636364,0.363636363636364,1,1,0.102564102564103,0.0666666666666667,0.0623477837311252,0.0434782608695652,16,35,4,0,7,14,1,0
"FEC_NTR",0.335403726708075,0.678685897435897,0.69047619047619,0.615384615384615,0.444444444444444,0.727272727272727,0.705882352941177,0.75,0.666666666666667,0.717948717948718,0.714285714285714,0.414478353442158,0.273504273504274,12,11,28,4,2,4,10,1
"FEC_NTR",0.335403726708075,0.65224358974359,0.589285714285714,0.615384615384615,0.4,0.727272727272727,0.666666666666667,0.75,0.5,0.717948717948718,0.714285714285714,0.414478353442158,0.181818181818182,12,11,28,4,2,4,10,2
"FEC_NTR",0.335403726708075,0.581730769230769,0.602564102564103,0.523809523809524,0.545454545454545,0.636363636363636,0.736842105263158,0.6875,0.5,0.615384615384615,0.846153846153846,0.25575101488498,0.36241610738255,11,15,24,5,3,2,11,3
"FEC_NTR",0.335403726708075,0.634615384615385,0.65,0.526315789473684,0.461538461538462,0.672727272727273,0.631578947368421,0.625,0.75,0.692307692307692,0.6,0.285714285714286,0.24,10,12,27,6,3,6,9,1
"FEC_NTR",0.367553865652725,0.67948717948718,0.46875,0.6,0.333333333333333,0.709090909090909,0.652173913043478,0.75,0.285714285714286,0.692307692307692,0.8125,0.385474860335196,0.106796116504854,12,12,27,4,2,3,13,5
"FEC_NTR",0.136986301369863,0.443108974358974,0.773809523809524,0.461538461538462,0.5,0.363636363636364,0.4,0.9375,1,0.128205128205128,0.142857142857143,0.0408570004982562,0.0909090909090909,15,34,5,1,6,12,2,0
"FEC_NTR",0.335403726708075,0.75,0.45,0.717948717948718,0.307692307692308,0.8,0.470588235294118,0.875,0.4,0.769230769230769,0.5,0.570617459190916,-0.0851063829787233,14,9,30,2,2,6,6,3
"FEC_NTR",0.335403726708075,0.552083333333333,0.711111111111111,0.545454545454545,0.571428571428571,0.636363636363636,0.714285714285714,0.75,0.666666666666667,0.58974358974359,0.733333333333333,0.278215223097113,0.363636363636364,12,16,23,4,4,4,11,2
"FEC_NTR",0.367553865652725,0.695512820512821,0.571428571428571,0.666666666666667,0.428571428571429,0.763636363636364,0.619047619047619,0.8125,0.428571428571429,0.743589743589744,0.714285714285714,0.492547906316537,0.142857142857143,13,10,29,3,3,4,10,4
"FEC_NTR",0.905660377358491,0.711538461538462,0.595833333333333,0.608695652173913,0.181818181818182,0.836363636363636,0.608695652173913,0.4375,0.125,1,0.866666666666667,0.524495677233429,-0.00975609756097542,7,0,39,9,1,2,13,7
"FEC_NTR",0.37037037037037,0.698717948717949,0.604395604395604,0.648648648648649,0.428571428571429,0.763636363636364,0.6,0.75,0.428571428571429,0.769230769230769,0.692307692307692,0.475421863536317,0.120879120879121,12,9,30,4,3,4,9,4
"FEC_NTR",0.367553865652725,0.557692307692308,0.8,0.555555555555556,0.6,0.709090909090909,0.777777777777778,0.625,0.6,0.743589743589744,0.846153846153846,0.343283582089552,0.446153846153846,10,10,29,6,3,2,11,2
"FEC_NTR",0.3514787961804,0.810897435897436,0.415384615384615,0.666666666666667,0.363636363636364,0.763636363636364,0.611111111111111,0.8125,0.4,0.743589743589744,0.692307692307692,0.492547906316537,0.0869565217391308,13,10,29,3,2,4,9,3
"FEC_NTR",0.335403726708075,0.766025641025641,0.544871794871795,0.736842105263158,0.4,0.818181818181818,0.526315789473684,0.875,0.5,0.794871794871795,0.538461538461538,0.603174603174603,0.0338983050847457,14,8,31,2,3,6,7,3
"ADC",847,0.618534482758621,0.65042735042735,0.471544715447154,0.549019607843137,0.577922077922078,0.574074074074074,0.763157894736842,0.933333333333333,0.517241379310345,0.435897435897436,0.198045185066496,0.258064516129032,29,56,60,9,14,22,17,1
"ADC",830,0.573956442831216,0.679464285714286,0.434108527131783,0.48780487804878,0.525974025974026,0.611111111111111,0.736842105263158,0.714285714285714,0.456896551724138,0.575,0.131891891891892,0.222222222222222,28,63,53,10,10,17,23,4
"ADC",830,0.706896551724138,0.583841463414634,0.546875,0.454545454545455,0.623376623376623,0.578947368421053,0.921052631578947,0.625,0.525862068965517,0.560975609756098,0.306090739589807,0.15136476426799,35,55,61,3,10,18,23,6
"ADC",847,0.575317604355717,0.672077922077922,0.438356164383562,0.523809523809524,0.467532467532468,0.655172413793103,0.842105263157895,0.785714285714286,0.344827586206897,0.613636363636364,0.115438498178762,0.297820823244552,32,76,40,6,11,17,27,3
"ADC",847,0.638498185117967,0.562056737588652,0.488888888888889,0.382978723404255,0.551948051948052,0.508474576271186,0.868421052631579,0.75,0.448275862068966,0.446808510638298,0.208078700253391,0.1148473874806,33,64,52,5,9,26,21,3
"ADC",830,0.582577132486388,0.630912162162162,0.482758620689655,0.48,0.61038961038961,0.509433962264151,0.736842105263158,0.75,0.568965517241379,0.405405405405405,0.225871313672922,0.117797695262484,28,50,66,10,12,22,15,4
"ADC",744.5,0.596188747731398,0.714774281805746,0.480769230769231,0.411764705882353,0.649350649350649,0.666666666666667,0.657894736842105,0.411764705882353,0.646551724137931,0.767441860465116,0.244,0.179206566347469,25,41,75,13,7,10,33,10
"ADC",805.5,0.699523593466425,0.510733452593918,0.528301886792453,0.307692307692308,0.675324675324675,0.517857142857143,0.736842105263158,0.461538461538462,0.655172413793103,0.534883720930233,0.309788454643241,-0.00265251989389906,28,40,76,10,6,20,23,7
"ADC",847,0.688634301270417,0.654829545454545,0.53968253968254,0.5,0.623376623376623,0.566666666666667,0.894736842105263,0.8125,0.53448275862069,0.477272727272727,0.29757785467128,0.207317073170732,34,54,62,4,13,23,21,3
"ADC",778.5,0.612295825771325,0.650501672240803,0.476190476190476,0.388888888888889,0.642857142857143,0.627118644067797,0.657894736842105,0.538461538461538,0.637931034482759,0.652173913043478,0.235421556237588,0.149410222804718,25,42,74,13,7,16,30,6
"ADC",778.5,0.648820326678766,0.672202797202797,0.5,0.444444444444444,0.688311688311688,0.649122807017544,0.631578947368421,0.615384615384615,0.706896551724138,0.659090909090909,0.287586738627602,0.21595598349381,24,34,82,14,8,15,29,5
"ADC",732,0.641447368421053,0.618055555555556,0.505494505494505,0.388888888888889,0.707792207792208,0.620689655172414,0.605263157894737,0.388888888888889,0.741379310344828,0.725,0.306028439815742,0.113888888888889,23,30,86,15,7,11,29,11
"ADC",744.5,0.70247277676951,0.528148148148148,0.574468085106383,0.285714285714286,0.74025974025974,0.583333333333333,0.710526315789474,0.333333333333333,0.75,0.666666666666667,0.397260273972603,0,27,29,87,11,5,15,30,10
"ADC",847,0.644056261343013,0.689493433395872,0.488549618320611,0.5,0.564935064935065,0.555555555555556,0.842105263157895,0.923076923076923,0.474137931034483,0.439024390243902,0.212726995269342,0.2294887039239,32,61,55,6,12,23,18,1
"ADC",847,0.560911978221416,0.677304964539007,0.453900709219858,0.444444444444444,0.5,0.576271186440678,0.842105263157895,0.833333333333333,0.387931034482759,0.51063829787234,0.146046377646551,0.208266237251744,32,71,45,6,10,23,24,2
"ADC",778.5,0.567831215970962,0.684065934065934,0.467289719626168,0.424242424242424,0.62987012987013,0.641509433962264,0.657894736842105,0.5,0.620689655172414,0.692307692307692,0.218622040235001,0.172555464256368,25,44,72,13,7,12,27,7
"ADC",828.5,0.558756805807623,0.692682926829268,0.429752066115702,0.533333333333333,0.551948051948052,0.625,0.684210526315789,0.8,0.508620689655172,0.560975609756098,0.137919844231705,0.274074074074074,26,57,59,12,12,18,23,3
"ADC",805.5,0.695099818511797,0.615384615384615,0.535714285714286,0.363636363636364,0.662337662337662,0.60377358490566,0.789473684210526,0.461538461538462,0.620689655172414,0.65,0.311080523055747,0.0943856794141579,30,44,72,8,6,14,26,7
"ADC",736,0.669010889292196,0.570921985815603,0.529411764705882,0.277777777777778,0.688311688311688,0.580645161290323,0.710526315789474,0.333333333333333,0.681034482758621,0.659574468085106,0.318332718554039,-0.00624219725343308,27,37,79,11,5,16,31,10
"ADC",847,0.649387477313975,0.619047619047619,0.534351145038168,0.382978723404255,0.603896103896104,0.462962962962963,0.921052631578947,0.75,0.5,0.380952380952381,0.283229055394476,0.07773851590106,35,58,58,3,9,26,16,3
"ADC_NTR",1.39054966248795,0.583870967741935,0.505050505050505,0.466019417475728,0.222222222222222,0.504504504504504,0.333333333333333,0.774193548387097,0.444444444444444,0.4,0.303030303030303,0.12397761515282,-0.146198830409357,24,48,32,7,4,23,10,5
"ADC_NTR",1.54310344827586,0.562903225806452,0.445161290322581,0.483870967741935,0.341463414634146,0.423423423423423,0.341463414634146,0.967741935483871,0.7,0.2125,0.225806451612903,0.111777944486122,-0.0433553251649387,30,63,17,1,7,24,7,3
"ADC_NTR",1.90547945205479,0.469758064516129,0.563636363636364,0.455882352941176,0.431372549019608,0.333333333333333,0.292682926829268,1,1,0.075,0.0333333333333333,0.0433263452131377,0.0181668042939719,31,74,6,0,11,29,1,0
"ADC_NTR",1.70547945205479,0.538709677419355,0.56221198156682,0.467741935483871,0.285714285714286,0.405405405405405,0.210526315789474,0.935483870967742,0.857142857142857,0.2,0.0645161290322581,0.0840210052513129,-0.030741410488246,29,64,16,2,6,29,2,1
"ADC_NTR",1.12632375189107,0.607661290322581,0.451149425287356,0.5,0.344827586206897,0.657657657657658,0.536585365853659,0.612903225806452,0.416666666666667,0.675,0.586206896551724,0.252922422954304,0.00256081946222797,19,26,54,12,5,12,17,7
"ADC_NTR",1.407917383821,0.604838709677419,0.421750663129974,0.475247524752475,0.325581395348837,0.522522522522523,0.30952380952381,0.774193548387097,0.538461538461538,0.425,0.206896551724138,0.143792752146703,-0.187134502923977,24,46,34,7,7,23,6,6
"ADC_NTR",1.43312543312543,0.534274193548387,0.603448275862069,0.490566037735849,0.4,0.513513513513513,0.372093023255814,0.838709677419355,0.642857142857143,0.3875,0.241379310344828,0.157672849915683,-0.0880974695407686,26,49,31,5,9,22,7,5
"ADC_NTR",1.12632375189107,0.670967741935484,0.424242424242424,0.540540540540541,0.275862068965517,0.693693693693694,0.522727272727273,0.645161290322581,0.363636363636364,0.7125,0.575757575757576,0.319754866618601,-0.05,20,23,57,11,4,14,19,7
"ADC_NTR",1.90547945205479,0.476209677419355,0.64983164983165,0.462686567164179,0.375,0.351351351351351,0.285714285714286,1,1,0.1,0.0909090909090909,0.058435438265787,0.0410958904109589,31,72,8,0,9,30,3,0
"ADC_NTR",1.54310344827586,0.606048387096774,0.584415584415584,0.483333333333333,0.418604651162791,0.441441441441441,0.358974358974359,0.935483870967742,0.818181818181818,0.25,0.178571428571429,0.1179184824404,-0.00205549845837611,29,60,20,2,9,23,5,2
"ADC_NTR",1.3203429462198,0.651612903225806,0.357575757575758,0.5,0.228571428571429,0.54954954954955,0.341463414634146,0.806451612903226,0.363636363636364,0.45,0.333333333333333,0.186455584872472,-0.220507166482911,25,44,36,6,4,20,10,7
"ADC_NTR",1.51282051282051,0.445564516129032,0.703703703703704,0.462809917355372,0.476190476190476,0.414414414414414,0.45,0.903225806451613,0.769230769230769,0.225,0.296296296296296,0.0810087886893389,0.0496760259179266,28,62,18,3,10,19,8,3
"ADC_NTR",1.72172619047619,0.502016129032258,0.570532915360502,0.459259259259259,0.434782608695652,0.342342342342342,0.35,1,0.909090909090909,0.0875,0.137931034482759,0.0508375307485064,0.0280373831775701,31,73,7,0,10,25,4,1
"ADC_NTR",1.72172619047619,0.521370967741935,0.603896103896104,0.454545454545455,0.478260869565217,0.351351351351351,0.384615384615385,0.967741935483871,1,0.1125,0.142857142857143,0.0474374255065554,0.0859375,30,71,9,1,11,24,4,0
"ADC_NTR",1.12632375189107,0.570967741935484,0.528205128205128,0.459459459459459,0.4,0.63963963963964,0.581395348837209,0.548387096774194,0.461538461538462,0.675,0.633333333333333,0.19971160778659,0.0872641509433963,17,26,54,14,6,11,19,7
"ADC_NTR",1.54310344827586,0.501209677419355,0.62797619047619,0.473684210526316,0.468085106382979,0.459459459459459,0.375,0.870967741935484,0.916666666666667,0.3,0.142857142857143,0.112946190729888,0.0384615384615385,27,56,24,4,11,24,4,1
"ADC_NTR",0.996974281391831,0.606854838709677,0.39917695473251,0.491228070175439,0.1,0.738738738738739,0.5,0.451612903225806,0.111111111111111,0.85,0.62962962962963,0.31728525980912,-0.241379310344828,14,12,68,17,1,10,17,8
"ADC_NTR",1.72172619047619,0.596370967741935,0.467532467532468,0.461538461538462,0.458333333333333,0.369369369369369,0.333333333333333,0.967741935483871,1,0.1375,0.0714285714285714,0.0629522431259044,0.0415879017013232,30,69,11,1,11,26,2,0
"ADC_NTR",1.72172619047619,0.461290322580645,0.703571428571429,0.48062015503876,0.4,0.396396396396396,0.289473684210526,1,0.9,0.1625,0.0714285714285714,0.0977799344898702,-0.0158415841584158,31,67,13,0,9,26,2,1
"ADC_NTR",1.12632375189107,0.60241935483871,0.423197492163009,0.488372093023256,0.25,0.603603603603604,0.55,0.67741935483871,0.272727272727273,0.575,0.655172413793103,0.204041720990874,-0.0682492581602372,21,34,46,10,3,10,19,8
